gene,date,mutant_droplets,total_droplets,notes
TG_8_133923686_G>T,2014-11-28,1,132430,Baseline
HYOU1_11_118925219_T>A,2014-11-28,3,95320,Baseline
FAT2_5_150922074_G>C,2014-11-28,0,100779,Baseline
UBR4_1_19480386_T>A,2014-11-28,3,111896,Baseline
ATP8B4_15_50288919_T>A,2014-11-28,4,112101,Baseline
TMEM176B_7_150490198_C>A,2014-11-28,0,76400,Baseline
LTA4H_12_96437132_A>C,2014-11-28,0,98362,Baseline
DLG2_11_83544685_T>A,2014-11-28,4,126280,Baseline
PCDH7_4_31144238_C>A,2014-11-28,2,98872,Baseline
MPP4_2_202545751_C>G,2014-11-28,0,46993,Baseline
ZNF366_5_71756627_C>G,2014-11-28,0,46269,Baseline
OR10K1_1_158435860_C>G,2014-11-28,2,102655,Baseline
SLC36A2_5_150723106_G>T,2014-11-28,4,96304,Baseline
PINX1_8_10623135_C>G,2014-11-28,0,39957,Baseline
OR56A3_11_5969447_C>A,2014-11-28,5,118359,Baseline
C12orf74_12_93100715_G>T,2014-11-28,2,105279,Baseline
DPP8_15_65759434_T>G,2014-11-28,1,115247,Baseline
CSMD1_8_2975974_G>T,2014-11-28,5,124232,Baseline
OR51D1_11_4661941_G>T,2014-11-28,3,100299,Baseline
SMPD2_6_109762353_G>T,2014-11-28,1,20693,Baseline
GLIPR1L1_12_75728663_C>A,2014-11-28,3,73081,Baseline
NPTX2_7_98256550_G>T,2014-11-28,2,44597,Baseline
CD59_11_33731800_A>C,2014-11-28,0,108509,Baseline
GPR65_14_88477948_G>T,2014-11-28,3,118460,Baseline
STARD9_15_42981235_G>T,2014-11-28,7,101685,Baseline
KTN1_14_56103197_G>T,2014-11-28,3,112230,Baseline
CAST_5_96071930_A>T,2014-11-28,0,99548,Baseline
CLEC14A_14_38724919_G>T,2014-11-28,0,28740,Baseline
TG_8_133923686_G>T,2015-05-21,52,83839,Longitudinal
HYOU1_11_118925219_T>A,2015-05-21,19,57874,Longitudinal
FAT2_5_150922074_G>C,2015-05-21,16,65015,Longitudinal
UBR4_1_19480386_T>A,2015-05-21,37,68966,Longitudinal
ATP8B4_15_50288919_T>A,2015-05-21,39,65973,Longitudinal
TMEM176B_7_150490198_C>A,2015-05-21,12,48560,Longitudinal
LTA4H_12_96437132_A>C,2015-05-21,36,56619,Longitudinal
DLG2_11_83544685_T>A,2015-05-21,47,74751,Longitudinal
PCDH7_4_31144238_C>A,2015-05-21,43,59171,Longitudinal
MPP4_2_202545751_C>G,2015-05-21,0,31702,Longitudinal
ZNF366_5_71756627_C>G,2015-05-21,6,28440,Longitudinal
OR10K1_1_158435860_C>G,2015-05-21,35,56310,Longitudinal
SLC36A2_5_150723106_G>T,2015-05-21,14,59368,Longitudinal
PINX1_8_10623135_C>G,2015-05-21,14,23103,Longitudinal
OR56A3_11_5969447_C>A,2015-05-21,33,70073,Longitudinal
C12orf74_12_93100715_G>T,2015-05-21,33,68490,Longitudinal
DPP8_15_65759434_T>G,2015-05-21,13,68849,Longitudinal
CSMD1_8_2975974_G>T,2015-05-21,26,74687,Longitudinal
OR51D1_11_4661941_G>T,2015-05-21,28,61419,Longitudinal
SMPD2_6_109762353_G>T,2015-05-21,19,11236,Longitudinal
GLIPR1L1_12_75728663_C>A,2015-05-21,45,42256,Longitudinal
NPTX2_7_98256550_G>T,2015-05-21,17,27989,Longitudinal
CD59_11_33731800_A>C,2015-05-21,18,66758,Longitudinal
GPR65_14_88477948_G>T,2015-05-21,108,67467,Longitudinal
STARD9_15_42981235_G>T,2015-05-21,25,59432,Longitudinal
KTN1_14_56103197_G>T,2015-05-21,21,66506,Longitudinal
CAST_5_96071930_A>T,2015-05-21,12,57096,Longitudinal
CLEC14A_14_38724919_G>T,2015-05-21,17,16725,Longitudinal
TG_8_133923686_G>T,2014-11-30,0,51975,Longitudinal
HYOU1_11_118925219_T>A,2014-11-30,4,35391,Longitudinal
FAT2_5_150922074_G>C,2014-11-30,2,41969,Longitudinal
UBR4_1_19480386_T>A,2014-11-30,1,41843,Longitudinal
ATP8B4_15_50288919_T>A,2014-11-30,1,41021,Longitudinal
TMEM176B_7_150490198_C>A,2014-11-30,1,32701,Longitudinal
LTA4H_12_96437132_A>C,2014-11-30,0,39314,Longitudinal
DLG2_11_83544685_T>A,2014-11-30,0,46106,Longitudinal
PCDH7_4_31144238_C>A,2014-11-30,0,39064,Longitudinal
MPP4_2_202545751_C>G,2014-11-30,0,17956,Longitudinal
ZNF366_5_71756627_C>G,2014-11-30,2,20080,Longitudinal
OR10K1_1_158435860_C>G,2014-11-30,0,40555,Longitudinal
SLC36A2_5_150723106_G>T,2014-11-30,0,39226,Longitudinal
PINX1_8_10623135_C>G,2014-11-30,1,17326,Longitudinal
OR56A3_11_5969447_C>A,2014-11-30,0,42855,Longitudinal
C12orf74_12_93100715_G>T,2014-11-30,2,47167,Longitudinal
DPP8_15_65759434_T>G,2014-11-30,0,41954,Longitudinal
CSMD1_8_2975974_G>T,2014-11-30,0,45438,Longitudinal
OR51D1_11_4661941_G>T,2014-11-30,0,40461,Longitudinal
SMPD2_6_109762353_G>T,2014-11-30,0,8228,Longitudinal
GLIPR1L1_12_75728663_C>A,2014-11-30,4,29683,Longitudinal
NPTX2_7_98256550_G>T,2014-11-30,0,17302,Longitudinal
CD59_11_33731800_A>C,2014-11-30,0,41845,Longitudinal
GPR65_14_88477948_G>T,2014-11-30,1,41842,Longitudinal
STARD9_15_42981235_G>T,2014-11-30,1,38751,Longitudinal
KTN1_14_56103197_G>T,2014-11-30,1,39439,Longitudinal
CAST_5_96071930_A>T,2014-11-30,0,35491,Longitudinal
CLEC14A_14_38724919_G>T,2014-11-30,0,12017,Longitudinal
TG_8_133923686_G>T,2015-02-27,1,68202,Longitudinal
HYOU1_11_118925219_T>A,2015-02-27,3,46515,Longitudinal
FAT2_5_150922074_G>C,2015-02-27,0,52253,Longitudinal
UBR4_1_19480386_T>A,2015-02-27,3,56028,Longitudinal
ATP8B4_15_50288919_T>A,2015-02-27,6,54988,Longitudinal
TMEM176B_7_150490198_C>A,2015-02-27,1,44631,Longitudinal
LTA4H_12_96437132_A>C,2015-02-27,0,47891,Longitudinal
DLG2_11_83544685_T>A,2015-02-27,1,61082,Longitudinal
PCDH7_4_31144238_C>A,2015-02-27,1,51800,Longitudinal
MPP4_2_202545751_C>G,2015-02-27,0,24297,Longitudinal
ZNF366_5_71756627_C>G,2015-02-27,0,22562,Longitudinal
OR10K1_1_158435860_C>G,2015-02-27,0,53715,Longitudinal
SLC36A2_5_150723106_G>T,2015-02-27,0,50171,Longitudinal
PINX1_8_10623135_C>G,2015-02-27,0,19928,Longitudinal
OR56A3_11_5969447_C>A,2015-02-27,0,58783,Longitudinal
C12orf74_12_93100715_G>T,2015-02-27,0,57321,Longitudinal
DPP8_15_65759434_T>G,2015-02-27,0,54736,Longitudinal
CSMD1_8_2975974_G>T,2015-02-27,0,61050,Longitudinal
OR51D1_11_4661941_G>T,2015-02-27,0,50283,Longitudinal
SMPD2_6_109762353_G>T,2015-02-27,0,10280,Longitudinal
GLIPR1L1_12_75728663_C>A,2015-02-27,1,36811,Longitudinal
NPTX2_7_98256550_G>T,2015-02-27,0,23322,Longitudinal
CD59_11_33731800_A>C,2015-02-27,0,56321,Longitudinal
GPR65_14_88477948_G>T,2015-02-27,5,56148,Longitudinal
STARD9_15_42981235_G>T,2015-02-27,1,49728,Longitudinal
KTN1_14_56103197_G>T,2015-02-27,2,56649,Longitudinal
CAST_5_96071930_A>T,2015-02-27,0,47345,Longitudinal
CLEC14A_14_38724919_G>T,2015-02-27,1,14221,Longitudinal
TG_8_133923686_G>T,2015-08-14,101,74243,Longitudinal
HYOU1_11_118925219_T>A,2015-08-14,20,46145,Longitudinal
FAT2_5_150922074_G>C,2015-08-14,12,55412,Longitudinal
UBR4_1_19480386_T>A,2015-08-14,58,59173,Longitudinal
ATP8B4_15_50288919_T>A,2015-08-14,35,56798,Longitudinal
TMEM176B_7_150490198_C>A,2015-08-14,29,51829,Longitudinal
LTA4H_12_96437132_A>C,2015-08-14,35,47612,Longitudinal
DLG2_11_83544685_T>A,2015-08-14,52,60538,Longitudinal
PCDH7_4_31144238_C>A,2015-08-14,34,48425,Longitudinal
MPP4_2_202545751_C>G,2015-08-14,1,27151,Longitudinal
ZNF366_5_71756627_C>G,2015-08-14,26,26937,Longitudinal
OR10K1_1_158435860_C>G,2015-08-14,24,54611,Longitudinal
SLC36A2_5_150723106_G>T,2015-08-14,15,51506,Longitudinal
PINX1_8_10623135_C>G,2015-08-14,20,21042,Longitudinal
OR56A3_11_5969447_C>A,2015-08-14,18,61509,Longitudinal
C12orf74_12_93100715_G>T,2015-08-14,31,61134,Longitudinal
DPP8_15_65759434_T>G,2015-08-14,37,57315,Longitudinal
CSMD1_8_2975974_G>T,2015-08-14,21,58750,Longitudinal
OR51D1_11_4661941_G>T,2015-08-14,16,53045,Longitudinal
SMPD2_6_109762353_G>T,2015-08-14,10,9580,Longitudinal
GLIPR1L1_12_75728663_C>A,2015-08-14,33,33908,Longitudinal
NPTX2_7_98256550_G>T,2015-08-14,20,26519,Longitudinal
CD59_11_33731800_A>C,2015-08-14,35,56263,Longitudinal
GPR65_14_88477948_G>T,2015-08-14,66,56983,Longitudinal
STARD9_15_42981235_G>T,2015-08-14,23,54198,Longitudinal
KTN1_14_56103197_G>T,2015-08-14,67,54867,Longitudinal
CAST_5_96071930_A>T,2015-08-14,9,43928,Longitudinal
CLEC14A_14_38724919_G>T,2015-08-14,5,13895,Longitudinal
