Hugo_Symbol,Reference_Allele,Allele,Chromosome,Start_Position,VAF_sample_0,VAF_sample_1,VAF_sample_2
GPR65,G,T,14,88477948,0.3971896955503513,0.0948905109489051,0.047547169811320754
GLIPR1L1,C,A,12,75728663,0.3370473537604457,0.043596730245231606,0.05172413793103448
DLG2,T,A,11,83544685,0.3333333333333333,0.08097165991902834,0.03806228373702422
LTA4H,A,C,12,96437132,0.3142857142857143,0.08287292817679558,0.026392961876832845
HYOU1,T,A,11,118925219,0.29535864978902954,0.0995850622406639,0.07446808510638298
TMEM176B,C,A,7,150490198,0.28399311531841653,0.08385093167701864,0.051490514905149054
ATP8B4,T,A,15,50288919,0.2759146341463415,0.0637037037037037,0.08764367816091954
UBR4,T,A,1,19480386,0.26677577741407527,0.06557377049180328,0.0916030534351145
OR56A3,C,A,11,5969447,0.2622187742435997,0.061046511627906974,0.03609625668449198
CD59,A,C,11,33731800,0.2608695652173913,0.05016722408026756,0.04843592330978809
SMPD2,G,T,6,109762353,0.2602040816326531,0.05226480836236934,0.04929577464788732
KTN1,G,T,14,56103197,0.25705645161290325,0.06538895152198422,0.036427732079905996
OR51D1,G,T,11,4661941,0.24096385542168675,0.05242718446601942,0.04145077720207254
CLEC14A,G,T,14,38724919,0.24,0.050666666666666665,0.047872340425531915
STARD9,G,T,15,42981235,0.23695652173913043,0.07969639468690702,0.06474820143884892
CSMD1,G,T,8,2975974,0.23572474377745242,0.03987730061349693,0.05397727272727273
DPP8,T,G,15,65759434,0.23521320495185694,0.057803468208092484,0.04024767801857585
PCDH7,C,A,4,31144238,0.23500810372771475,0.07539682539682539,0.07398273736128237
C12orf74,G,T,12,93100715,0.23255813953488372,0.05789473684210526,0.05
TG,G,T,8,133923686,0.22753346080305928,0.0661764705882353,0.15680473372781065
NPTX2,G,T,7,98256550,0.21914893617021278,0.05172413793103448,0.02527075812274368
PINX1,C,G,8,10623135,0.21341463414634146,0.06366459627329192,0.04599406528189911
OR10K1,C,G,1,158435860,0.2095357590966123,0.06575963718820861,0.0
CAST,A,T,5,96071930,0.20391061452513967,0.05714285714285714,0.044
ZNF366,C,G,5,71756627,0.14391143911439114,0.06711409395973154,0.038944723618090454
FAT2,G,C,5,150922074,0.13797814207650272,0.0957683741648107,0.03903345724907063
SLC36A2,G,T,5,150723106,0.11214230471771075,0.06376811594202898,0.051209103840682786
MPP4,C,G,2,202545751,0.0,0.005747126436781609,0.06770833333333333
