SampleID,Chromosome,Position,Ref,Mut,Hugo_Symbol,PreOp_RefVAF,PostOp_RefVAF,PreOp_DOR,PostOp_DOR
CRUK0045,5,15937258,G,A,FBXL7,0.99952,0.999637462,49653,33100.0
CRUK0045,10,105147056,C,T,TAF5,0.99924,0.999142905,77837,47836.0
CRUK0045,8,38205421,T,A,WHSC1L1,0.99976,0.999663088,84591,44522.0
CRUK0045,3,183994479,T,C,ECE2,0.99976,0.999811273,29477,15896.0
CRUK0045,6,127768763,T,A,KIAA0408,0.99977,0.999702177,64964,33577.0
CRUK0045,17,18154751,C,T,FLII,0.9995,0.999319381,12050,5877.0
CRUK0045,23,114141751,C,T,HTR2C,0.99963,0.999601133,37509,25071.0
CRUK0045,9,133730371,A,G,ABL1,0.99963,0.99985802,50838,28173.0
CRUK0045,2,152403968,C,T,NEB,0.99929,0.999502507,97182,50252.0
CRUK0045,6,13316860,G,C,TBC1D7,0.99889,0.0,48512,0.0
CRUK0045,16,29706404,C,T,QPRT,0.99969,0.0,3262,0.0
CRUK0045,14,31592236,G,A,HECTD1,0.99977,0.999514846,60894,30918.0
CRUK0045,23,150348926,G,A,GPR50,0.99813,0.998475859,34291,18371.0
CRUK0045,23,117044028,C,T,KLHL13,0.99968,0.999648398,40710,22753.0
CRUK0045,14,74988688,C,T,LTBP2,0.99971,0.999586777,48639,26620.0
CRUK0063,5,142258975,G,T,ARHGAP26,0.9949571,0.995077125,57110,140162.0
CRUK0063,7,127013601,T,A,ZNF800,0.99791814,0.997984647,50916,132483.0
CRUK0063,9,18928351,C,A,FAM154A,0.993810787,0.0,4524,0.0
CRUK0063,9,136231864,G,C,SURF4,0.997399547,0.997865761,47684,114795.0
CRUK0063,17,29576091,C,G,NF1,0.998472949,0.998079544,36672,96852.0
CRUK0063,15,78921901,A,C,CHRNB4,0.997916184,0.997004354,30233,86125.0
CRUK0063,3,119530387,G,T,NR1I2,0.996768236,0.996731649,15162,52014.0
CRUK0063,8,42821731,C,G,HOOK3,0.998178584,0.99771567,47216,137896.0
CRUK0063,2,100168048,T,C,AFF3,0.99720883,0.997550695,7882,35112.0
CRUK0063,4,153249457,G,A,FBXW7,0.998344569,0.0,50138,0.0
CRUK0063,22,41574949,G,C,EP300,0.998610749,0.997929204,46068,118312.0
CRUK0063,19,39914989,T,G,PLEKHG2,0.997752032,0.997763271,17349,60356.0
CRUK0063,2,47637426,T,A,MSH2,0.998199473,0.998192466,46653,110648.0
CRUK0063,8,62212481,C,A,CLVS1,0.99663574,0.99696833,38047,110830.0
CRUK0063,17,40870017,C,A,EZH1,0.997392806,0.997547248,56766,130058.0
CRUK0063,2,74733940,C,G,PCGF1,0.998324132,0.99802528,50720,120017.0
CRUK0063,14,31602819,C,G,HECTD1,0.99905962,0.999035222,58487,126454.0
CRUK0063,11,119547900,C,G,PVRL1,0.999546199,0.999421108,50683,126103.0
CRUK0063,11,55587191,T,G,OR5D18,0.999826456,0.99976211,51860,100887.0
CRUK0071,16,11000781,G,A,CIITA,0.99491,0.994751864,41425,32583.0
CRUK0071,18,22804610,C,G,ZNF521,0.99768,0.997199573,74486,64633.0
CRUK0071,16,27454289,C,A,IL21R,0.99833,0.998020177,56941,58086.0
CRUK0071,1,238053905,C,G,ZP4,0.99733,0.997296358,83100,66207.0
CRUK0071,19,56896362,T,A,ZNF582,0.99897,0.999049023,78027,63093.0
CRUK0071,6,117638319,G,A,ROS1,0.99831,0.998461921,72635,64366.0
CRUK0071,16,55705930,C,G,SLC6A2,0.99925,0.998574088,28160,25247.0
CRUK0071,19,38942485,A,C,RYR1,0.99872,0.998310563,35895,27228.0
CRUK0071,10,22016857,G,T,MLLT10,0.99906,0.999149812,75808,67044.0
CRUK0071,18,10696430,A,T,PIEZO2,0.99835,0.998610309,45536,46773.0
CRUK0071,10,21823709,G,T,MLLT10,0.99851,0.997828784,4040,3224.0
CRUK0071,10,12139797,C,G,DHTKD1,0.99964,0.999750386,74652,64099.0
CRUK0071,1,153658292,A,T,NPR1,0.99994,0.999937297,81559,63793.0
CRUK0071,18,21957404,C,A,OSBPL1A,0.99964,0.999681577,69110,65950.0
CRUK0071,11,5969433,T,G,OR56A3,0.9994,0.999400882,93616,83456.0
CRUK0071,1,237817673,A,T,RYR2,0.99967,0.99980497,82249,71784.0
CRUK0071,6,170592441,G,T,DLL1,0.99925,0.999767527,34883,30111.0
CRUK0071,1,43904447,A,C,SZT2,0.9998,0.999914453,64365,46758.0
CRUK0071,6,27879686,G,C,OR2B2,0.99963,0.999621439,97626,81889.0
CRUK0065,23,88008704,C,A,CPXCR1,0.86044,0.864061722,36473,20090.0
CRUK0065,14,51196324,G,A,NIN,0.92133,0.924528302,40245,21730.0
CRUK0065,3,64132613,C,A,PRICKLE2,0.92177,0.925163882,27791,26391.0
CRUK0065,1,158576657,G,T,OR10Z1,0.91,0.910226151,66390,46606.0
CRUK0065,2,178098810,C,G,NFE2L2,0.94053,0.940119075,64203,34936.0
CRUK0065,9,134010388,A,T,NUP214,0.93488,0.934476617,80373,34812.0
CRUK0065,1,65332716,C,A,JAK1,0.97998,0.979441546,63135,42367.0
CRUK0065,16,4836063,G,C,2012-09-01 00:00:00,0.97294,0.974129085,33072,18515.0
CRUK0065,1,27106535,G,A,ARID1A,0.98386,0.984638554,43191,23240.0
CRUK0065,11,69456203,C,G,CCND1,0.99372,0.995118704,18007,13521.0
CRUK0065,4,55980381,G,A,KDR,0.99391,0.993677215,66212,30999.0
CRUK0065,9,139413985,C,T,NOTCH1,0.99938,0.999274705,21037,11030.0
CRUK0065,23,76939312,G,A,ATRX,0.99778,0.997227459,17996,9017.0
CRUK0065,3,37061826,G,A,MLH1,0.99666,0.997322835,58676,31750.0
CRUK0065,1,198700816,G,C,PTPRC,0.99459,0.994855043,54742,36735.0
CRUK0065,5,169020496,A,C,SPDL1,0.99975,0.999738113,72437,34366.0
CRUK0065,6,17772153,G,C,KIF13A,0.99969,0.9996338,81844,43692.0
CRUK0065,12,464400,C,T,KDM5A,0.99692,0.996926009,52596,32531.0
CRUK0065,15,71276480,G,T,LRRC49,0.99885,0.99873166,96679,58344.0
CRUK0051,12,7636270,G,T,CD163,0.99979,0.999732799,52331,52395.0
CRUK0051,23,152830557,C,G,ATP2B3,0.99951,0.0,6162,0.0
CRUK0051,12,25398285,C,A,KRAS,0.99959,0.999301518,53167,52972.0
CRUK0051,4,153245455,C,A,FBXW7,0.99945,0.99959706,58130,52117.0
CRUK0051,23,90691588,G,T,PABPC5,0.99924,0.9989887,27778,22743.0
CRUK0051,17,7579378,G,T,TP53,0.99982,0.999628391,16280,13455.0
CRUK0051,2,79348040,C,A,REG1A,0.9996,0.999742538,65149,62145.0
CRUK0051,13,103520588,G,T,ERCC5,0.99985,0.0,58261,0.0
CRUK0051,16,15844020,C,T,MYH11,0.99956,0.999747187,24768,23733.0
CRUK0051,10,104857113,G,C,NT5C2,0.99956,0.999663899,59448,50580.0
CRUK0051,11,85733463,C,G,PICALM,0.99979,0.999807024,37507,36274.0
CRUK0051,1,150259318,G,C,CIART,0.99969,0.999489288,45400,37203.0
CRUK0051,6,62390879,C,A,KHDRBS2,0.99982,0.999696091,49402,36195.0
CRUK0051,16,4896197,C,A,GLYR1,0.99956,0.999463011,36246,31658.0
CRUK0051,16,68023965,C,A,DPEP2,0.9994,0.999260584,43191,41925.0
CRUK0051,1,171761246,G,T,METTL13,0.99976,0.999637449,41272,35857.0
CRUK0051,14,105920600,G,T,MTA1,0.99951,0.999565665,42840,43745.0
CRUK0004,17,7579485,C,A,TP53,0.99981,0.999794844,10613,14623.0
CRUK0004,7,55241708,G,C,EGFR,0.99971,0.999682948,44705,56773.0
CRUK0004,19,45375306,G,C,PVRL2,0.99957,0.999627976,21102,24192.0
CRUK0004,2,228882599,C,T,SPHKAP,0.99947,0.999471674,22644,24606.0
CRUK0004,22,43539119,C,A,MCAT,1.0,0.999489796,2337,3920.0
CRUK0004,4,57839436,C,G,NOA1,0.99973,0.999609996,56035,69230.0
CRUK0004,18,48604750,G,A,SMAD4,0.99965,0.99985575,57494,69324.0
CRUK0004,4,164272221,G,C,NPY5R,0.9996,0.999617826,60560,73265.0
CRUK0004,10,118689468,C,G,KIAA1598,0.99957,0.99965792,83931,99392.0
CRUK0004,17,19261251,C,T,B9D1,0.9994,0.999164153,25194,27517.0
CRUK0004,3,4847939,C,G,ITPR1,0.99975,0.999711509,67130,76259.0
CRUK0004,16,58713976,C,A,SLC38A7,0.99956,0.0,15922,0.0
CRUK0004,13,30107108,C,A,SLC7A1,0.99977,0.999631087,17658,40660.0
CRUK0004,21,27071135,C,A,JAM2,0.99977,0.0,68504,0.0
CRUK0004,1,237754064,C,T,RYR2,0.99958,0.999504104,62274,76629.0
CRUK0004,23,152830448,G,A,ATP2B3,0.99953,0.999816362,8470,10891.0
CRUK0004,10,15121020,G,T,ACBD7,0.99971,0.999641617,65977,80919.0
CRUK0004,11,78574162,C,A,TENM4,0.99972,0.999566602,38908,46147.0
CRUK0057,12,25398284,C,A,KRAS,0.99961,0.989546965,45600,47546.0
CRUK0057,17,72519788,C,A,CD300LB,0.99982,0.999718891,33777,42688.0
CRUK0057,15,88680726,C,A,NTRK3,0.99958,0.999741884,33593,34868.0
CRUK0057,19,11152100,A,T,SMARCA4,0.99985,0.999921402,13616,12723.0
CRUK0057,20,51870588,G,T,TSHZ2,0.99955,0.999642513,37781,36365.0
CRUK0057,12,46244010,G,C,ARID2,0.99973,0.999790353,56570,62009.0
CRUK0057,2,116520170,C,G,DPP10,0.99961,0.999727614,48193,55069.0
CRUK0057,1,3313149,G,T,PRDM16,0.99919,0.999095652,13642,14375.0
CRUK0057,23,76939413,T,A,ATRX,0.99981,0.999739782,51503,61487.0
CRUK0057,3,57457248,C,A,DNAH12,0.99939,0.999546588,22910,30877.0
CRUK0057,23,48547447,C,A,WAS,0.99867,0.998739247,14246,13484.0
CRUK0057,21,47987434,G,T,DIP2A,0.99975,0.999870483,23882,23163.0
CRUK0057,19,10897345,C,A,DNM2,0.99945,0.999355808,14614,18628.0
CRUK0057,3,128200113,G,A,GATA2,0.99939,0.999689505,19600,9662.0
CRUK0057,12,111953997,C,A,ATXN2,0.99971,0.999765313,17113,17044.0
CRUK0057,8,9437749,C,G,TNKS,0.99952,0.999532112,47995,40608.0
CRUK0057,8,52323848,C,A,PXDNL,0.99958,0.999590068,38334,34152.0
CRUK0057,3,129370350,C,G,TMCC1,0.99963,0.999622713,64054,53010.0
CRUK0016,17,7578455,C,G,TP53,0.999400512,0.0,18349,0.0
CRUK0016,4,187557791,C,A,FAT1,0.999757289,0.999701481,61802,53598.0
CRUK0016,1,16237768,G,C,SPEN,0.999408757,0.0,57506,0.0
CRUK0016,4,1952890,C,G,WHSC1,0.99931205,0.999162767,46515,46582.0
CRUK0016,15,34649385,C,T,NUTM1,0.999698025,0.999773786,49673,44206.0
CRUK0016,3,105452857,C,A,CBLB,0.998253987,0.994998387,17182,6198.0
CRUK0016,2,29541185,C,G,ALK,0.999689537,0.999760175,48315,41697.0
CRUK0016,17,48918125,G,C,WFIKKN2,0.999618551,0.999753452,31459,32448.0
CRUK0016,21,36265236,G,C,RUNX1,0.999612217,0.999632374,43839,35362.0
CRUK0016,20,16348162,G,C,KIF16B,0.999764368,0.999795898,84878,68593.0
CRUK0016,17,47677801,G,C,SPOP,0.999878597,0.999810494,41185,47492.0
CRUK0016,22,31741348,C,T,PATZ1,1.0,0.999329534,1908,2983.0
CRUK0016,12,394744,C,T,KDM5A,0.999451572,0.999446106,51055,45135.0
CRUK0016,3,59999825,C,G,FHIT,0.999582522,0.999566522,64674,57673.0
CRUK0016,3,12633227,C,G,RAF1,0.999775848,0.999849734,53535,46584.0
CRUK0016,16,9857250,G,C,GRIN2A,0.999727787,0.999641604,80819,66965.0
CRUK0016,1,198721448,C,G,PTPRC,0.99972912,0.0,44300,0.0
CRUK0016,6,157522016,G,C,ARID1B,0.999738425,0.999427999,22938,27972.0
CRUK0016,16,50741841,T,A,NOD2,0.999947563,0.999925439,57211,53647.0
CRUK0016,20,31021451,G,T,ASXL1,0.999535222,0.999375705,64547,49656.0
CRUK0080,9,135982591,C,A,RALGDS,0.99204,0.993082762,9174,16336.0
CRUK0080,17,7578263,G,A,TP53,0.99536,0.994991608,41387,36938.0
CRUK0080,3,57430962,G,A,DNAH12,0.99753,0.998140089,72187,53766.0
CRUK0080,10,50732500,C,A,ERCC6,0.99809,0.998203974,64258,51781.0
CRUK0080,7,31144522,A,C,ADCYAP1R1,0.99813,0.997751344,57335,44471.0
CRUK0080,12,125298872,C,A,SCARB1,0.99752,0.998066538,33432,29998.0
CRUK0080,2,73302776,C,A,RAB11FIP5,0.99769,0.998363071,11237,6109.0
CRUK0080,11,32449506,T,A,WT1,0.99785,0.998965517,2796,2900.0
CRUK0080,16,65016009,C,G,CDH11,0.99798,0.998129991,57294,39572.0
CRUK0080,10,70332109,G,A,TET1,0.99944,0.99943645,62216,49685.0
CRUK0080,15,74326870,C,T,PML,0.99912,0.998548387,25139,18600.0
CRUK0080,16,15811171,C,T,MYH11,0.99934,0.999334221,10618,6008.0
CRUK0080,19,15511627,G,T,AKAP8L,0.9994,0.99929522,26723,24121.0
CRUK0080,6,26508774,T,A,BTN1A1,0.99969,0.999666771,74807,48015.0
CRUK0080,8,144812392,C,T,FAM83H,1.0,0.9995671,5633,2310.0
CRUK0080,2,11770074,C,A,GREB1,0.99955,0.999431937,42341,33447.0
CRUK0080,7,50450378,C,G,IKZF1,0.99983,0.999356085,17917,12424.0
CRUK0080,7,49815709,G,C,VWC2,0.99935,0.998898139,35483,24504.0
CRUK0062,17,7577121,G,A,TP53,0.989278787,0.987871617,28355,27044.0
CRUK0062,17,61498333,A,T,TANC2,0.987469382,0.987365457,60013,51842.0
CRUK0062,6,55216167,G,T,GFRAL,0.980313738,0.981808396,25754,27870.0
CRUK0062,17,41245378,G,A,BRCA1,0.992063492,0.992029661,31878,45042.0
CRUK0062,10,85972865,G,C,CDHR1,0.996745691,0.997156149,55004,56965.0
CRUK0062,13,52707300,C,A,NEK3,0.995154709,0.99426376,35292,37481.0
CRUK0062,1,144859920,C,T,PDE4DIP,0.99695527,0.996910532,103129,118467.0
CRUK0062,4,114275220,G,C,ANK2,0.998743789,0.998703382,35822,45503.0
CRUK0062,10,98105810,A,T,OPALIN,0.999514186,0.999436461,51460,49686.0
CRUK0062,8,103357729,G,A,UBR5,0.9993566,0.999237456,63724,52456.0
CRUK0062,1,202705388,C,A,KDM5B,0.999501404,0.0,38107,0.0
CRUK0062,8,41792326,G,C,KAT6A,0.998378536,0.0,72157,0.0
CRUK0062,3,49397783,C,A,RHOA,0.999019083,0.999136668,33642,38224.0
CRUK0062,6,168299035,C,T,MLLT4,0.999254367,0.999438234,37552,35602.0
CRUK0062,7,151879502,C,G,KMT2C,0.999198254,0.999058757,44902,42497.0
CRUK0062,11,62416083,C,A,INTS5,0.998334575,0.998557989,22817,29126.0
CRUK0062,5,35876314,G,A,IL7R,0.995712755,0.999203822,1866,6280.0
CRUK0062,9,36169923,C,G,CCIN,0.999374246,0.999630674,44746,59568.0
CRUK0062,10,90773919,G,A,FAS,0.999175866,0.999437992,46109,42704.0
CRUK0021,7,55259515,T,G,EGFR,0.99952,0.999834932,76660,48465.0
CRUK0021,23,47040716,G,T,RBM10,0.99969,0.999109264,16036,10104.0
CRUK0021,17,7578403,C,A,TP53,0.99952,0.999445403,26938,16228.0
CRUK0021,23,47039288,T,G,RBM10,0.99985,0.999942751,53610,34935.0
CRUK0021,12,49949724,C,G,KCNH3,0.99959,0.999834153,29424,18089.0
CRUK0021,20,31676821,G,A,BPIFB4,0.99973,0.999640813,67309,44545.0
CRUK0021,20,2840714,C,T,VPS16,0.99949,0.999546221,73108,46278.0
CRUK0021,17,47010696,G,C,SNF8,0.99958,0.999677287,71604,46481.0
CRUK0021,2,223787502,C,A,ACSL3,0.99959,0.999717351,115923,81373.0
CRUK0021,10,127843807,G,A,ADAM12,0.99954,0.999589822,109650,75577.0
CRUK0021,18,8376593,G,A,PTPRM,0.99963,0.999612102,81735,51560.0
CRUK0021,6,105609358,A,G,POPDC3,0.99964,0.999428638,99924,68258.0
CRUK0021,1,247654898,T,C,OR2W5,0.99951,0.999443276,44558,32332.0
CRUK0021,14,92588089,G,T,NDUFB1,0.99973,0.999386378,7295,4889.0
CRUK0021,17,37571363,G,C,MED1,0.99971,0.999613098,80208,56862.0
CRUK0021,12,116457705,C,T,MED13L,0.99964,0.999706705,126317,81829.0
CRUK0021,17,3717712,C,T,C17orf85,0.99967,0.999681553,98576,65945.0
CRUK0021,4,146653666,G,C,C4orf51,0.9997,0.99969304,79622,52124.0
CRUK0021,3,172065111,G,C,FNDC3B,0.99976,0.999733167,106264,67458.0
CRUK0029,1,115256529,T,C,NRAS,0.9675,0.968632172,24859,44026.0
CRUK0029,17,7577580,T,C,TP53,0.97547,0.973469725,23933,42329.0
CRUK0029,2,178098966,C,T,NFE2L2,0.97921,0.979721974,39401,70569.0
CRUK0029,19,1083272,C,T,HMHA1,0.98855,0.988502777,4717,7741.0
CRUK0029,5,66460021,G,A,MAST4,0.95243,0.948111118,10804,15803.0
CRUK0029,1,2939112,G,C,ACTRT2,0.98289,0.981966462,29400,45859.0
CRUK0029,7,98609727,G,A,TRRAP,0.9857,0.986087059,36794,67563.0
CRUK0029,15,42059002,G,C,MGA,0.98892,0.988937481,51880,85062.0
CRUK0029,22,37903864,A,C,CARD10,0.99675,0.995748565,20615,38340.0
CRUK0029,2,136615556,C,T,MCM6,0.98933,0.988628539,60623,92952.0
CRUK0029,22,36722683,G,A,MYH9,0.99899,0.999123088,28805,46755.0
CRUK0029,17,10398519,G,A,MYH1,0.99838,0.998568257,43904,62162.0
CRUK0029,5,52386370,T,C,ITGA2,0.99985,0.999911408,45487,79014.0
CRUK0029,11,134018480,G,A,JAM3,0.99069,0.990233281,51583,78532.0
CRUK0029,19,3978139,G,A,EEF2,0.99972,0.999534277,17818,32208.0
CRUK0029,7,121612669,A,C,PTPRZ1,0.9995,0.999631439,54285,84111.0
CRUK0029,16,72184618,C,G,PMFBP1,0.99939,0.999486785,1652,3897.0
CRUK0029,19,39087699,G,A,MAP4K1,0.9995,0.999364647,26127,44070.0
CRUK0023,8,52721778,C,A,PXDNL,0.99943,0.999608253,36934,38290.0
CRUK0023,8,30948434,T,A,WRN,0.99955,0.999670262,73119,84916.0
CRUK0023,12,49361733,C,G,WNT10B,0.99955,0.999674978,64942,64611.0
CRUK0023,13,33109925,C,A,N4BP2L2,0.99964,0.999571272,60381,62977.0
CRUK0023,11,92714903,T,A,MTNR1B,0.99982,0.99985236,27254,27093.0
CRUK0023,12,25398284,C,A,KRAS,0.99965,0.0,56886,0.0
CRUK0023,8,118847703,C,G,EXT1,0.99961,0.999667295,62233,63119.0
CRUK0023,9,132963250,G,T,NCS1,0.9996,0.999762329,42095,42075.0
CRUK0023,1,156883232,G,T,PEAR1,0.99967,0.999401795,9050,10030.0
CRUK0023,11,85459443,T,A,SYTL2,0.99979,0.999836014,61410,60981.0
CRUK0023,19,4488790,G,C,HDGFRP2,0.99976,0.999632443,16811,16324.0
CRUK0023,7,138603666,A,G,KIAA1549,0.9999,0.999724433,85981,87093.0
CRUK0023,17,7577538,C,T,TP53,0.99951,0.999608764,40748,40896.0
CRUK0023,12,49416133,G,A,KMT2D,0.99953,0.999574685,64465,70536.0
CRUK0023,15,77425561,C,A,PEAK1,0.99967,0.999761886,60198,50396.0
CRUK0023,15,33855180,A,C,RYR3,0.99987,0.999933887,130760,121005.0
CRUK0023,6,90398306,G,C,MDN1,0.99955,0.999518942,50670,41575.0
CRUK0023,18,51731448,A,C,MBD2,0.99978,0.999628377,76473,78036.0
CRUK0035,17,7578406,C,T,TP53,0.99967,0.0,15018,0.0
CRUK0035,23,84362885,A,G,SATL1,0.99983,0.999943729,12086,17771.0
CRUK0035,1,154127373,G,C,NUP210L,0.9998,0.999715079,20063,14039.0
CRUK0035,10,96043655,G,T,PLCE1,0.9996,0.999751558,77664,48301.0
CRUK0035,19,10220867,C,T,PPAN,0.99907,0.999742135,11862,7756.0
CRUK0035,14,96777916,G,C,ATG2B,0.99974,0.999548813,81736,53193.0
CRUK0035,19,34857281,C,A,GPI,0.99974,0.999456941,58328,34987.0
CRUK0035,12,56360899,G,C,CDK2,0.99952,0.999530847,8421,4263.0
CRUK0035,14,51226846,C,T,NIN,0.99933,0.999476358,22420,19097.0
CRUK0035,20,25304046,C,T,ABHD12,0.99931,0.999189436,56684,59218.0
CRUK0044,15,50288919,T,A,ATP8B4,0.999751223,0.99983051,48236,112101.0
CRUK0044,4,31144238,C,A,PCDH7,0.999748164,0.999585322,47650,98872.0
CRUK0044,7,150490198,C,A,TMEM176B,0.999558779,0.999698953,36263,76400.0
CRUK0044,5,150922074,G,C,FAT2,0.999695241,0.99963286,45938,100779.0
CRUK0044,5,150723106,G,T,SLC36A2,0.999775281,0.999678103,40050,96304.0
CRUK0044,12,96437132,A,C,LTA4H,0.999762921,0.999837336,37962,98362.0
CRUK0044,12,93100715,G,T,C12orf74,0.999885068,0.999705544,43504,105279.0
CRUK0044,14,56103197,G,T,KTN1,0.999691287,0.999545576,51828,112230.0
CRUK0044,6,109762353,G,T,SMPD2,0.999358083,0.999613396,9347,20693.0
CRUK0044,5,96071930,A,T,CAST,0.999924959,0.999959818,53304,99548.0
CRUK0044,11,33731800,A,C,CD59,0.999728661,0.999677446,51596,108509.0
CRUK0044,14,38724919,G,T,CLEC14A,0.999604196,0.999686848,5053,28740.0
CRUK0044,15,65759434,T,G,DPP8,0.999800446,0.999852491,55123,115247.0
CRUK0044,11,5969447,C,A,OR56A3,0.999748969,0.999738085,55770,118359.0
CRUK0044,11,4661941,G,T,OR51D1,0.999543712,0.999740775,43832,100299.0
CRUK0044,8,2975974,G,T,CSMD1,0.999776086,0.999694121,62524,124232.0
CRUK0044,2,210786307,G,T,UNC80,0.99987826,0.0,41071,0.0
CRUK0044,7,98256550,G,T,NPTX2,0.999438413,0.999596385,21368,44597.0
CRUK0044,2,202545751,C,G,MPP4,0.999790912,0.999744643,14348,46993.0
CRUK0044,1,158435860,C,G,OR10K1,0.999555267,0.999639569,53965,102655.0
CRUK0073,14,95570254,G,T,DICER1,0.999669196,0.999521497,51390,71055.0
CRUK0073,17,7579358,C,A,TP53,0.999601505,0.999109726,22585,35944.0
CRUK0073,17,11593059,A,T,DNAH9,0.999621356,0.999805653,18487,46309.0
CRUK0073,10,103433303,G,T,FBXW4,0.999609089,0.999670818,20465,36454.0
CRUK0073,9,110251297,C,G,KLF4,0.999099302,0.999895518,4441,9571.0
CRUK0073,17,43011894,C,A,KIF18B,0.998943386,0.998788771,29339,42106.0
CRUK0073,11,48285561,G,T,OR4X1,0.999307329,0.999266566,46198,66809.0
CRUK0073,6,51712624,G,T,PKHD1,0.999650217,0.999820316,34307,66784.0
CRUK0073,12,49431006,G,C,KMT2D,0.999027339,0.999142384,28787,50139.0
CRUK0073,7,106523488,G,T,PIK3CG,0.999722132,0.999672696,43186,70271.0
CRUK0073,17,27899577,G,T,TP53I13,1.0,1.0,1928,3904.0
CRUK0073,1,158736295,A,T,OR6N1,0.999526917,0.999651698,61300,80390.0
CRUK0073,19,56416312,G,T,NLRP13,0.999785392,0.999745603,55916,82548.0
CRUK0073,12,132681673,C,A,GALNT9,0.999747028,0.999749436,15812,27937.0
CRUK0073,4,88964509,G,T,PKD2,0.999665499,0.999631037,50822,73178.0
CRUK0073,1,120510124,G,T,NOTCH2,0.999771779,0.99960992,30672,48708.0
CRUK0073,4,70798307,G,T,CSN1S1,0.999265006,0.999671308,24490,76059.0
CRUK0073,5,1278910,A,G,TERT,0.999666511,0.999869579,14993,30670.0
CRUK0073,8,145151305,C,G,CYC1,0.999737452,0.999622535,22853,31791.0
CRUK0052,14,21869106,C,T,CHD8,0.99919,0.9988882,40702,46771.0
CRUK0052,12,49434516,C,A,KMT2D,0.99897,0.999323593,8738,7392.0
CRUK0052,12,25398284,C,A,KRAS,0.99865,0.998210807,45945,50302.0
CRUK0052,14,81610301,C,A,TSHR,0.99962,0.999197898,42513,49869.0
CRUK0052,15,45007672,C,G,B2M,0.99919,0.999378989,22206,28985.0
CRUK0052,15,88727459,T,A,NTRK3,0.99964,0.999689756,33678,35456.0
CRUK0052,17,7578190,T,C,TP53,0.99989,0.999861207,28487,28820.0
CRUK0052,19,10600420,C,G,KEAP1,0.99918,0.999649778,31888,25698.0
CRUK0052,17,29663397,G,T,NF1,0.99976,0.999524643,55316,52592.0
CRUK0052,19,45262781,C,T,BCL3,0.9992,0.999156948,6261,7117.0
CRUK0052,11,128680482,C,T,FLI1,0.99991,0.999476495,11391,9551.0
CRUK0052,3,69928297,G,T,MITF,0.99849,0.998368146,45153,45960.0
CRUK0052,8,109260902,G,C,EIF3E,0.99951,0.999173895,28817,19368.0
CRUK0052,17,7674212,G,C,DNAH2,0.99965,0.999671362,71884,66943.0
CRUK0052,21,31709951,G,C,KRTAP27-1,0.99947,0.999459668,53113,51820.0
CRUK0052,23,69262973,G,C,AWAT2,0.99959,0.99925626,7406,12101.0
CRUK0052,7,1976519,C,G,MAD1L1,0.99979,0.999682181,28417,28318.0
CRUK0084,23,53239876,G,A,KDM5C,0.99754,0.0,41862,0.0
CRUK0084,16,49669770,C,T,ZNF423,0.99422,0.0,1903,0.0
CRUK0084,16,3786719,G,A,CREBBP,0.99799,0.997536821,38840,39380.0
CRUK0084,6,117647416,C,T,ROS1,0.99732,0.996742762,33950,35920.0
CRUK0084,19,3783189,C,T,MATK,0.99557,0.994831611,12648,11996.0
CRUK0084,2,201462193,A,G,AOX1,0.9971,0.997495952,55830,53114.0
CRUK0084,6,50791187,C,A,TFAP2B,0.99859,0.0,1416,0.0
CRUK0084,11,17629929,C,T,OTOG,0.99692,0.997812016,9088,10969.0
CRUK0084,8,117950562,G,T,AARD,0.99882,0.995988539,1701,1745.0
CRUK0084,20,62837060,G,A,MYT1,0.99636,0.997280315,23047,21326.0
CRUK0084,11,47200023,C,G,PACSIN3,0.99231,0.993643704,11441,11642.0
CRUK0084,3,52087959,T,G,DUSP7,0.99955,0.99984787,17693,19720.0
CRUK0084,3,101520185,A,G,NXPE3,0.99961,0.999528179,45836,42389.0
CRUK0084,15,40763898,G,T,CHST14,0.99982,0.99985759,5460,7022.0
CRUK0084,10,134161560,C,T,LRRC27,0.9995,0.999498533,41799,39883.0
CRUK0041,10,50004397,C,G,WDFY4,0.999460324,0.0,50030,0.0
CRUK0041,12,132271052,G,T,SFSWAP,0.999556541,0.999302326,2255,8600.0
CRUK0041,16,29818790,G,T,MAZ,0.999164578,0.999115044,2394,4520.0
CRUK0041,1,28138714,G,T,STX12,0.999603993,0.999746168,60605,70913.0
CRUK0041,1,1246450,C,A,PUSL1,0.999636198,0.999478798,21990,26861.0
CRUK0041,3,99649754,G,T,FILIP1L,0.99963416,0.99968586,62869,76399.0
CRUK0041,7,138252243,G,C,TRIM24,0.99950337,0.999647722,42285,51096.0
CRUK0041,1,27877157,C,G,AHDC1,0.99969674,0.999813285,13190,21423.0
CRUK0041,8,3226817,G,C,CSMD1,0.999799544,0.999821354,54875,67172.0
CRUK0041,4,77662103,A,C,SHROOM3,0.999800717,0.999567474,10036,16184.0
CRUK0041,11,534223,G,A,HRAS,0.999777382,0.999670511,8984,18210.0
CRUK0041,2,210694040,C,A,UNC80,0.999791096,0.999657417,43082,52542.0
CRUK0041,1,154239006,G,T,UBAP2L,0.999541398,0.999436046,56694,72701.0
CRUK0041,10,32306146,G,A,KIF5B,0.999815829,0.999537661,43438,51910.0
CRUK0041,14,42368142,C,A,LRFN5,0.999436095,0.999472186,40787,62522.0
CRUK0041,12,7653956,C,A,CD163,0.999521749,0.999658502,43910,52709.0
CRUK0041,6,90312838,C,A,ANKRD6,0.999723404,0.999519635,28923,49962.0
CRUK0041,12,6494404,G,C,LTBR,0.999022324,0.999348534,6137,10745.0
CRUK0041,12,111776278,G,T,CUX2,0.999806699,0.999686759,36213,44694.0
CRUK0036,12,25398284,C,A,KRAS,0.99531,0.993920431,56451,50497.0
CRUK0036,22,21990773,C,T,CCDC116,0.99975,0.999701582,31715,26808.0
CRUK0036,2,27601137,C,A,ZNF513,0.99914,0.999427709,23234,19221.0
CRUK0036,11,64622898,T,A,EHD1,0.99529,0.99447958,40096,37316.0
CRUK0036,7,97361937,G,C,TAC1,0.99957,0.999357161,32676,31112.0
CRUK0036,5,140744399,C,T,PCDHGA5,0.99942,0.999448343,53469,45318.0
CRUK0036,4,8229319,G,A,SH3TC1,0.99932,0.0,13229,0.0
CRUK0036,18,61602264,G,C,SERPINB10,0.99956,0.999619947,47765,36837.0
CRUK0036,10,43292571,C,A,BMS1,0.99972,0.999656258,88051,72729.0
CRUK0036,19,47491255,C,T,ARHGAP35,0.99934,0.999347772,51332,44463.0
CRUK0036,4,66356134,G,A,EPHA5,0.99891,0.998450554,33083,32915.0
CRUK0036,20,2375907,G,T,TGM6,0.99963,0.999564825,34715,32171.0
CRUK0036,15,24921526,G,T,NPAP1,0.9998,0.999491942,39969,35429.0
CRUK0036,11,104034545,G,T,PDGFD,0.99953,0.99965264,44501,40304.0
CRUK0036,12,29464049,T,C,FAR2,0.99981,0.999788342,57417,47246.0
CRUK0036,11,66190163,G,A,NPAS4,0.99995,0.999504306,18708,16139.0
CRUK0036,19,11138504,G,T,SMARCA4,0.99976,0.999690769,49566,38806.0
CRUK0083,17,7578457,C,A,TP53,0.99487,0.996488833,18112,10253.0
CRUK0083,4,153245381,T,C,FBXW7,0.99812,0.99757319,48994,25960.0
CRUK0083,17,71361424,C,A,SDK2,0.99745,0.0,10600,0.0
CRUK0083,13,28542956,G,T,CDX2,0.99941,0.0,5112,0.0
CRUK0083,4,22394224,T,A,GPR125,0.99887,0.999033349,60005,35173.0
CRUK0083,14,31061546,G,C,G2E3,0.99716,0.997228104,54178,25975.0
CRUK0083,13,32929041,G,T,BRCA2,0.9977,0.998032441,38706,20838.0
CRUK0083,16,48174630,A,T,ABCC12,0.99916,0.999116106,53601,31678.0
CRUK0083,14,105518356,C,T,GPR132,0.99934,0.998526161,16648,9499.0
CRUK0083,10,6264869,C,T,PFKFB3,0.99818,0.998647552,21986,11091.0
CRUK0083,11,72141386,G,A,CLPB,0.99969,0.999900838,35318,20169.0
CRUK0083,1,117644093,G,A,TTF2,0.9992,0.999057907,78586,47766.0
CRUK0083,6,27858176,C,G,HIST1H3J,0.99967,0.999206107,23994,16375.0
CRUK0083,19,11226802,C,T,LDLR,0.99931,0.9994003,40835,23345.0
CRUK0083,11,111228171,G,A,POU2AF1,0.99807,0.998744915,41373,23106.0
CRUK0083,4,106880244,G,A,NPNT,0.99884,0.998707777,58558,33276.0
CRUK0083,11,30433103,G,T,MPPED2,0.99971,0.999681503,48955,37677.0
CRUK0083,18,10784905,C,T,PIEZO2,0.99948,0.999469408,59427,30155.0
CRUK0009,7,154862800,C,G,HTR5A,0.94742,0.954033771,8729,9594.0
CRUK0009,17,7577570,C,T,TP53,0.98373,0.986569291,32812,28070.0
CRUK0009,13,28588650,C,A,FLT3,0.98402,0.985157462,73891,62523.0
CRUK0009,19,47424497,C,G,ARHGAP35,0.98877,0.989683457,60378,55348.0
CRUK0009,16,77918598,G,T,VAT1L,0.98704,0.988722735,58804,52495.0
CRUK0009,19,47424731,C,G,ARHGAP35,0.9893,0.991179158,23644,31743.0
CRUK0009,17,67029876,T,G,ABCA9,0.99991,0.999936113,42207,46958.0
CRUK0009,17,32597315,A,C,CCL7,0.99966,0.999587849,38169,41247.0
CRUK0009,2,108881772,G,T,SULT1C3,0.98701,0.0,71290,0.0
CRUK0009,15,88727481,C,T,NTRK3,0.99982,0.999502123,44346,38162.0
CRUK0009,4,92520188,C,A,CCSER1,0.99969,0.999676662,64287,58762.0
CRUK0009,7,121652018,A,C,PTPRZ1,0.99289,0.99370794,69158,66274.0
CRUK0009,17,72610163,G,T,CD300E,0.98124,0.983138855,31925,35051.0
CRUK0009,14,20779849,C,T,CCNB1IP1,0.9996,0.9997196,32773,32097.0
CRUK0009,2,44556189,T,G,PREPL,0.99966,0.999799822,61764,54951.0
CRUK0009,12,109865278,A,C,MYO1H,0.99989,0.999927281,36577,27503.0
CRUK0009,9,93636537,T,C,SYK,0.99981,0.999783182,51495,55346.0
CRUK0009,5,9190458,G,T,SEMA5A,0.99981,0.999766977,32415,30040.0
CRUK0009,2,54147457,G,T,PSME4,0.99956,0.999665104,50364,50762.0
CRUK0009,8,77776619,A,C,ZFHX4,0.99987,0.999905227,47087,42206.0
CRUK0009,12,53070879,C,G,KRT1,0.99974,0.999739632,66068,69133.0
CRUK0013,19,1207033,A,T,STK11,0.98324,0.983764368,8176,6960.0
CRUK0013,10,135084385,C,A,ADAM8,0.98926,0.985382631,3073,2326.0
CRUK0013,4,164449923,G,T,2001-03-01 00:00:00,0.99545,0.994906007,48968,38673.0
CRUK0013,13,98043699,G,T,MBNL2,0.99673,0.996841707,58380,44961.0
CRUK0013,6,28403341,T,G,ZSCAN23,0.99199,0.992146399,61781,39727.0
CRUK0013,14,64924932,A,T,MTHFD1,0.99555,0.995763076,57577,46496.0
CRUK0013,2,186656211,A,T,FSIP2,0.99667,0.996654176,62131,44832.0
CRUK0013,7,84694809,G,C,SEMA3D,0.99548,0.99587838,55943,46341.0
CRUK0013,23,147733580,A,C,AFF2,0.99979,0.9998169,23830,21846.0
CRUK0013,23,92927241,T,G,NAP1L3,0.99979,0.999887095,23718,17714.0
CRUK0013,13,86369947,A,T,SLITRK6,0.99916,0.999184593,59837,51508.0
CRUK0013,7,45124878,C,G,NACAD,0.99907,0.999356396,22506,18645.0
CRUK0013,23,26236064,A,T,MAGEB5,0.99988,0.999657109,32083,23331.0
CRUK0013,1,158617494,T,G,SPTA1,0.9997,0.999719124,36822,24922.0
CRUK0013,9,139409757,C,T,NOTCH1,0.99976,0.999708398,12381,10288.0
CRUK0013,1,89732158,G,T,GBP5,0.99969,0.999677555,58499,40317.0
CRUK0013,19,57325219,T,A,PEG3,0.99981,0.999727743,46406,36730.0
CRUK0013,4,15444043,C,A,C1QTNF7,0.99954,0.999659845,50217,35278.0
CRUK0037,1,236898981,C,A,ACTN2,0.999405563,0.999414366,31963,49519.0
CRUK0037,1,197053484,C,A,ASPM,0.999483915,0.999739204,34878,46013.0
CRUK0037,2,88367465,T,A,SMYD1,0.999892914,0.99984414,37353,64160.0
CRUK0037,16,3823769,G,A,CREBBP,0.999762902,0.999815974,12653,27170.0
CRUK0037,19,17948799,G,A,JAK3,0.999699406,0.999515879,13307,30984.0
CRUK0037,12,25380276,T,A,KRAS,0.999799748,0.99978716,49937,65777.0
CRUK0037,12,70956841,C,A,PTPRB,0.999562231,0.999558508,29696,49831.0
CRUK0037,16,66881106,T,A,CA7,0.999528413,0.99986054,33928,57364.0
CRUK0037,7,131122632,C,A,MKLN1,0.999620455,0.999726065,39521,58408.0
CRUK0037,10,108439449,G,T,SORCS1,0.999697527,0.999690722,39673,67900.0
CRUK0037,16,87744981,C,A,KLHDC4,0.998409091,0.999094093,4400,16558.0
CRUK0037,4,140640665,G,C,MAML3,0.999858035,0.999649819,28176,59969.0
CRUK0037,11,114027139,A,T,ZBTB16,0.999647335,0.999547282,25520,37551.0
CRUK0037,1,237947367,C,A,RYR2,0.999688503,0.999824484,41734,56975.0
CRUK0037,1,161683145,G,T,FCRLA,0.999442198,0.999557009,35855,47405.0
CRUK0037,2,180008479,C,A,SESTD1,0.999721046,0.999727549,39433,47715.0
CRUK0037,1,59247967,C,G,JUN,0.999536178,0.999691572,4312,12969.0
CRUK0037,20,56098178,C,A,CTCFL,0.999740588,0.999559111,61678,77117.0
CRUK0037,12,52448422,G,A,NR4A1,0.999442198,0.999584042,14342,26445.0
CRUK0037,6,128540153,G,A,PTPRK,0.999461584,0.999726753,37146,47576.0
